145,143,102.221.250.129
3513,1857,102.221.250.130
3808,1110,102.221.250.131
5585,2278,102.221.250.132
5889,3039,102.221.250.133
5890,3038,102.221.250.134
5895,3053,102.221.250.135
5897,2942,102.221.250.136
5900,3054,102.221.250.137
5902,3040,102.221.250.138
5905,3030,102.221.250.139
5913,3327,102.221.250.140
5916,3328,102.221.250.141
5932,3297,102.221.250.142
5936,3382,102.221.250.143
5944,3415,102.221.250.144
5945,3417,102.221.250.145
5950,3388,102.221.250.146
5955,3463,102.221.250.147
5975,3506,102.221.250.148
5980,3533,102.221.250.149
5983,3511,102.221.250.150
5989,3517,102.221.250.151
5990,3487,102.221.250.152
6009,3540,102.221.250.153
6010,3234,102.221.250.154
6014,3512,102.221.250.155
6030,3605,102.221.250.156
6064,3503,102.221.250.157
6079,3711,102.221.250.158
6082,3736,102.221.250.159
6121,3148,102.221.250.160
6123,3653,102.221.250.161
6125,3654,102.221.250.162
6182,3719,102.221.250.163
6184,3672,102.221.250.164
6193,3715,102.221.250.165
6197,3873,102.221.250.166
6221,3875,102.221.250.167
6223,3884,102.221.250.168
6232,3882,102.221.250.169
6233,3827,102.221.250.170
6234,3885,102.221.250.171
6238,3901,102.221.250.172
6292,4019,102.221.250.173
6296,3900,102.221.250.174
6311,4031,102.221.250.175
6313,3878,102.221.250.176
6315,3888,102.221.250.177
6406,4110,102.221.250.178
6431,4099,102.221.250.179
6435,4143,102.221.250.180
6452,4146,102.221.250.181
6471,4033,102.221.250.182
6496,3489,102.221.250.183
6500,3987,102.221.250.184
6512,4231,102.221.250.185
6520,4240,102.221.250.186
2519,5,102.221.250.193
3741,1961,102.221.250.194
141,139,102.221.250.1
906,720,102.221.250.2
967,374,102.221.250.3
1024,634,102.221.250.4
2417,874,102.221.250.5
2779,596,102.221.250.6
3018,1276,102.221.250.7
3021,1292,102.221.250.8
3152,1429,102.221.250.9
3229,1531,102.221.250.10
3249,1563,102.221.250.11
3272,1573,102.221.250.12
3370,1770,102.221.250.13
3437,1750,102.221.250.14
3794,870,102.221.250.15
4135,2124,102.221.250.16
4137,2122,102.221.250.17
4186,1588,102.221.250.18
4306,1702,102.221.250.19
4307,1339,102.221.250.20
4370,2249,102.221.250.21
4402,2268,102.221.250.22
4898,2501,102.221.250.23
5219,2652,102.221.250.24
5378,2716,102.221.250.25
5379,2717,102.221.250.26
5533,2810,102.221.250.27
5659,2887,102.221.250.28
5972,3545,102.221.250.29
6447,4012,102.221.250.30
6526,2022,102.221.250.31
592,590,102.221.251.1
982,687,102.221.251.2
3210,1521,102.221.251.3
3297,1687,102.221.251.4
3970,2061,102.221.251.5
4189,2061,102.221.251.6
4401,2272,102.221.251.7
6226,22,102.221.251.8
4652,2335,102.221.248.129
5057,2563,102.221.248.130
5080,679,102.221.248.131
5081,255,102.221.248.132
5126,2606,102.221.248.133
5135,533,102.221.248.134
5137,2614,102.221.248.135
5217,717,102.221.248.136
5253,2670,102.221.248.137
5273,402,102.221.248.138
5275,2291,102.221.248.139
5276,2303,102.221.248.140
5279,2346,102.221.248.141
5280,2039,102.221.248.142
5294,2498,102.221.248.143
5308,2574,102.221.248.144
5309,2585,102.221.248.145
5383,2726,102.221.248.146
5387,2724,102.221.248.147
5552,2822,102.221.248.148
5554,2820,102.221.248.149
5567,2828,102.221.248.150
5612,2511,102.221.248.151
5633,2874,102.221.248.152
5655,2888,102.221.248.153
5688,2952,102.221.248.154
5689,702,102.221.248.155
5695,2955,102.221.248.156
5744,394,102.221.248.157
5795,3015,102.221.248.158
5803,2024,102.221.248.159
5840,3131,102.221.248.160
5868,1424,102.221.248.161
5873,3175,102.221.248.162
5885,3319,102.221.248.163
5923,3387,102.221.248.164
5934,731,102.221.248.165
6020,3620,102.221.248.166
6060,555,102.221.248.167
6085,1174,102.221.248.168
6106,2400,102.221.248.169
6135,3677,102.221.248.170
6192,3877,102.221.248.171
6256,2867,102.221.248.172
6386,2712,102.221.248.173
6387,2878,102.221.248.174
6388,2710,102.221.248.175
6389,2850,102.221.248.176
6399,4145,102.221.248.177
6503,129,102.221.248.178
6523,4236,102.221.248.179
112,110,102.221.250.65
149,147,102.221.250.66
220,218,102.221.250.67
330,328,102.221.250.68
353,351,102.221.250.69
366,364,102.221.250.70
505,503,102.221.250.71
608,606,102.221.250.72
785,601,102.221.250.73
929,260,102.221.250.74
1416,914,102.221.250.75
2656,1066,102.221.250.76
3128,1432,102.221.250.77
3501,1825,102.221.250.78
3586,134,102.221.250.79
3864,1325,102.221.250.80
3919,59,102.221.250.81
3922,1390,102.221.250.82
3924,2044,102.221.250.83
4043,1023,102.221.250.84
4050,231,102.221.250.85
4181,1316,102.221.250.86
4639,2344,102.221.250.87
5019,2559,102.221.250.88
5176,1402,102.221.250.89
5195,2637,102.221.250.90
5222,2653,102.221.250.91
5497,450,102.221.250.92
5548,2565,102.221.250.93
5564,470,102.221.250.94
5767,1886,102.221.250.95
5807,2786,102.221.250.96
5880,2309,102.221.250.97
5883,1431,102.221.250.98
5937,752,102.221.250.99
5948,511,102.221.250.100
5959,3401,102.221.250.101
5968,3359,102.221.250.102
6058,1280,102.221.250.103
6097,3765,102.221.250.104
6103,1057,102.221.250.105
6134,3760,102.221.250.106
6173,2045,102.221.250.107
6188,3673,102.221.250.108
6204,1064,102.221.250.109
6259,3957,102.221.250.110
6332,3678,102.221.250.111
6397,4116,102.221.250.112
6398,208,102.221.250.113
6402,3027,102.221.250.114
6403,205,102.221.250.115
6429,458,102.221.250.116
6450,1009,102.221.250.117
6451,1004,102.221.250.118
6493,1055,102.221.250.119
3954,2019,102.221.251.129
4627,2341,102.221.251.130
4641,2350,102.221.251.131
4724,2378,102.221.251.132
4764,2408,102.221.251.133
4793,2421,102.221.251.134
4837,2452,102.221.251.135
4855,2468,102.221.251.136
4859,2470,102.221.251.137
4868,2479,102.221.251.138
4899,2505,102.221.251.139
4941,2519,102.221.251.140
4977,2542,102.221.251.141
4978,2543,102.221.251.142
4980,2544,102.221.251.143
4995,2551,102.221.251.144
5108,2596,102.221.251.145
5123,2607,102.221.251.146
5163,2624,102.221.251.147
5183,2633,102.221.251.148
5193,2638,102.221.251.149
5202,2640,102.221.251.150
5203,2641,102.221.251.151
5213,2651,102.221.251.152
5238,2664,102.221.251.153
5292,2681,102.221.251.154
5316,2691,102.221.251.155
5359,2708,102.221.251.156
5366,2713,102.221.251.157
5394,2729,102.221.251.158
5417,2738,102.221.251.159
5418,2739,102.221.251.160
5419,2740,102.221.251.161
5422,2741,102.221.251.162
5426,2743,102.221.251.163
5431,2747,102.221.251.164
5445,2753,102.221.251.165
5450,2013,102.221.251.166
5467,2769,102.221.251.167
5522,2806,102.221.251.168
5546,2821,102.221.251.169
5568,2555,102.221.251.170
5593,2847,102.221.251.171
5596,2848,102.221.251.172
5650,2891,102.221.251.173
5653,2893,102.221.251.174
5654,2895,102.221.251.175
5657,2897,102.221.251.176
5658,2898,102.221.251.177
5663,2921,102.221.251.178
5670,2925,102.221.251.179
5675,2918,102.221.251.180
5678,2931,102.221.251.181
5690,2639,102.221.251.182
5733,2236,102.221.251.183
5749,2992,102.221.251.184
5773,3006,102.221.251.185
5774,2687,102.221.251.186
5779,3010,102.221.251.187
5809,3034,102.221.251.188
5815,3036,102.221.251.189
5822,3043,102.221.251.190
5866,3247,102.221.251.193
5867,3255,102.221.251.194
5893,3345,102.221.251.195
5911,3380,102.221.251.196
5922,3422,102.221.251.197
5956,3508,102.221.251.198
5960,3518,102.221.251.199
5970,3552,102.221.251.200
5971,3554,102.221.251.201
5992,3435,102.221.251.202
6015,3629,102.221.251.203
6033,3643,102.221.251.204
6049,2783,102.221.251.205
6053,3656,102.221.251.206
6055,3665,102.221.251.207
6057,3676,102.221.251.208
6104,3789,102.221.251.209
6122,3805,102.221.251.210
6127,3814,102.221.251.211
6161,3861,102.221.251.212
6203,2197,102.221.251.213
6215,3907,102.221.251.214
6219,3935,102.221.251.215
6242,3961,102.221.251.216
6304,4040,102.221.251.217
6317,4068,102.221.251.218
6327,4091,102.221.251.219
6394,4140,102.221.251.220
6415,4153,102.221.251.221
6416,4155,102.221.251.222
6437,4167,102.221.251.225
6441,4168,102.221.251.226
6454,4173,102.221.251.227
6466,4212,102.221.251.228
6488,4220,102.221.251.229
6504,4227,102.221.251.230
6513,4232,102.221.251.231
4638,2345,102.221.249.1
4642,66,102.221.249.2
4643,2326,102.221.249.3
4644,2330,102.221.249.4
4647,2306,102.221.249.5
4648,2241,102.221.249.6
4650,2178,102.221.249.7
4651,2312,102.221.249.8
4653,2191,102.221.249.9
4655,2253,102.221.249.10
4657,2333,102.221.249.11
4659,2193,102.221.249.12
4660,2347,102.221.249.13
4661,2332,102.221.249.14
4663,2338,102.221.249.15
4664,2192,102.221.249.16
4665,2258,102.221.249.17
4666,2314,102.221.249.18
4669,2336,102.221.249.19
4673,2348,102.221.249.20
4674,2352,102.221.249.21
4681,2355,102.221.249.22
4683,2353,102.221.249.23
4685,2358,102.221.249.24
4692,2362,102.221.249.25
4693,2363,102.221.249.26
4696,2361,102.221.249.27
4709,2374,102.221.249.28
4713,2377,102.221.249.29
4715,2357,102.221.249.30
4721,2376,102.221.249.31
4729,2380,102.221.249.32
4731,2383,102.221.249.33
4742,2389,102.221.249.34
4753,2401,102.221.249.35
4758,2397,102.221.249.36
4760,2396,102.221.249.37
4761,2405,102.221.249.38
4762,2402,102.221.249.39
4772,2403,102.221.249.40
4775,2411,102.221.249.41
4776,2412,102.221.249.42
4780,2414,102.221.249.43
4801,2419,102.221.249.44
4805,2426,102.221.249.45
4810,2422,102.221.249.46
4815,2433,102.221.249.47
4816,2429,102.221.249.48
4822,2439,102.221.249.49
4834,2448,102.221.249.50
4836,2442,102.221.249.51
4840,2456,102.221.249.52
4851,2459,102.221.249.53
4853,2454,102.221.249.54
4854,2453,102.221.249.55
4880,2481,102.221.249.56
4884,2495,102.221.249.57
4885,2487,102.221.249.58
4886,2490,102.221.249.59
4900,2296,102.221.249.60
4904,2492,102.221.249.61
4906,2503,102.221.249.62
4909,2510,102.221.249.63
4910,2509,102.221.249.64
4911,2507,102.221.249.65
4914,2508,102.221.249.66
4936,1372,102.221.249.67
4937,1471,102.221.249.68
4939,1411,102.221.249.69
4948,66,102.221.249.70
4954,78,102.221.249.71
4955,2524,102.221.249.72
4963,1427,102.221.249.73
4964,441,102.221.249.74
4981,2423,102.221.249.75
4982,2424,102.221.249.76
4985,436,102.221.249.77
5001,475,102.221.249.78
5003,2549,102.221.249.79
5009,855,102.221.249.80
5012,1400,102.221.249.81
5016,974,102.221.249.82
5036,296,102.221.249.83
5043,2564,102.221.249.84
5044,2561,102.221.249.85
5045,2566,102.221.249.86
5048,1868,102.221.249.87
5050,1868,102.221.249.88
5059,519,102.221.249.89
5106,2593,102.221.249.90
5112,828,102.221.249.91
5136,2597,102.221.249.92
5159,2619,102.221.249.93
5160,526,102.221.249.94
5161,596,102.221.249.95
5171,163,102.221.249.96
5175,540,102.221.249.97
5181,2632,102.221.249.98
5229,2655,102.221.249.99
5248,2665,102.221.249.100
5254,2671,102.221.249.101
5297,2659,102.221.249.102
5304,2375,102.221.249.103
5312,172,102.221.249.104
5318,1744,102.221.249.105
5362,2711,102.221.249.106
5397,2733,102.221.249.107
5412,272,102.221.249.108
5456,2757,102.221.249.109
5473,2774,102.221.249.110
5490,2517,102.221.249.111
5491,2794,102.221.249.112
5518,2799,102.221.249.113
5619,2860,102.221.249.114
5629,2866,102.221.249.115
5635,2875,102.221.249.116
5637,276,102.221.249.117
5641,2702,102.221.249.118
5652,2892,102.221.249.119
5673,2926,102.221.249.120
5692,11,102.221.249.121
5696,2889,102.221.249.122
5703,2325,102.221.249.123
5708,2526,102.221.249.124
5731,2334,102.221.249.125
5735,2979,102.221.249.126
5833,2410,102.221.249.127
5834,2425,102.221.249.128
5862,1356,102.221.249.129
5908,1421,102.221.249.130
5912,3363,102.221.249.131
5931,1282,102.221.249.132
5941,1310,102.221.249.133
5943,3478,102.221.249.134
5952,3500,102.221.249.135
6021,2547,102.221.249.136
6029,3555,102.221.249.137
6059,3655,102.221.249.138
6063,3557,102.221.249.139
6065,3642,102.221.249.140
6066,3671,102.221.249.141
6115,3371,102.221.249.142
6156,3816,102.221.249.143
6164,2536,102.221.249.144
6231,3950,102.221.249.145
6237,3934,102.221.249.146
6252,460,102.221.249.147
6266,1309,102.221.249.148
6271,3983,102.221.249.149
6273,3822,102.221.249.150
6300,782,102.221.249.151
6320,4030,102.221.249.152
6333,4098,102.221.249.153
6351,2352,102.221.249.154
6384,1743,102.221.249.155
6420,2276,102.221.249.156
6422,2386,102.221.249.157
6463,2371,102.221.249.158
6483,4217,102.221.249.159
6484,4216,102.221.249.160
6524,4237,102.221.249.161
456,454,102.221.250.225
529,527,102.221.250.226
612,610,102.221.250.227
660,658,102.221.250.228
1131,361,102.221.250.229
2400,977,102.221.250.230
2974,721,102.221.250.231
3142,1314,102.221.250.232
3396,1776,102.221.250.233
3521,1059,102.221.250.234
3589,132,102.221.250.235
4046,565,102.221.250.236
4170,177,102.221.250.237
4236,2165,102.221.250.238
4710,410,102.221.250.239
5632,1023,102.221.250.240
5694,2954,102.221.250.241
5776,3001,102.221.250.242
5924,3334,102.221.250.243
6185,2335,102.221.250.244
6363,315,102.221.250.245
6516,4234,102.221.250.246
97,95,102.221.251.65
432,430,102.221.251.66
520,518,102.221.251.67
920,398,102.221.251.68
1146,793,102.221.251.69
1420,917,102.221.251.70
2682,657,102.221.251.71
2690,391,102.221.251.72
2963,471,102.221.251.73
3044,1324,102.221.251.74
3311,1714,102.221.251.75
3441,1367,102.221.251.76
3594,958,102.221.251.77
3604,1831,102.221.251.78
3797,896,102.221.251.79
3966,206,102.221.251.80
4034,68,102.221.251.81
4062,1995,102.221.251.82
4125,2115,102.221.251.83
4133,2114,102.221.251.84
4301,2212,102.221.251.85
4736,1261,102.221.251.86
4923,648,102.221.251.87
5025,643,102.221.251.88
5103,1782,102.221.251.89
5501,812,102.221.251.90
5601,626,102.221.251.91
5772,412,102.221.251.92
6034,207,102.221.251.93
6091,2935,102.221.251.94
6244,3959,102.221.251.95
6334,1997,102.221.251.96
