765,2535,100.110.1.1
718,2524,100.110.0.1
1152,1152,100.110.0.10
860,860,100.110.0.100
861,861,100.110.0.101
862,862,100.110.0.102
863,863,100.110.0.103
764,2551,100.110.0.104
1016,1016,100.110.0.105
1018,1018,100.110.0.106
1019,1019,100.110.0.107
1020,1020,100.110.0.108
1021,1021,100.110.0.109
1225,1225,100.110.0.11
1022,1022,100.110.0.110
1023,1023,100.110.0.111
1024,1024,100.110.0.112
1025,1025,100.110.0.113
1026,1026,100.110.0.114
1029,1029,100.110.0.115
1117,1117,100.110.0.116
1119,1119,100.110.0.117
1122,1122,100.110.0.118
1126,1126,100.110.0.119
1227,1227,100.110.0.12
1128,1128,100.110.0.120
115,2552,100.110.0.121
1130,1130,100.110.0.122
1131,1131,100.110.0.123
1133,1133,100.110.0.124
1135,1135,100.110.0.125
1138,1138,100.110.0.126
1159,1159,100.110.0.127
1169,1169,100.110.0.128
1171,1171,100.110.0.129
1228,1228,100.110.0.13
1265,1265,100.110.0.130
1280,2553,100.110.0.131
1278,1278,100.110.0.132
1292,1292,100.110.0.133
1297,1297,100.110.0.134
1384,1384,100.110.0.135
1385,1385,100.110.0.136
1386,1386,100.110.0.137
778,2554,100.110.0.138
1389,1389,100.110.0.139
1229,1229,100.110.0.14
1390,1390,100.110.0.140
1391,1391,100.110.0.141
802,2555,100.110.0.142
1430,1430,100.110.0.143
1454,1454,100.110.0.144
1455,1455,100.110.0.145
1456,1456,100.110.0.146
1458,1458,100.110.0.147
1459,1459,100.110.0.148
1591,1591,100.110.0.149
1230,1230,100.110.0.15
1595,1595,100.110.0.150
1596,1596,100.110.0.151
1628,1628,100.110.0.152
1631,1631,100.110.0.153
1639,1639,100.110.0.154
1641,1641,100.110.0.155
1642,1642,100.110.0.156
1643,1643,100.110.0.157
1644,1644,100.110.0.158
1738,1738,100.110.0.159
1234,1234,100.110.0.16
1889,1889,100.110.0.160
1890,1890,100.110.0.161
1893,1893,100.110.0.162
1894,1894,100.110.0.163
1895,1895,100.110.0.164
1910,1910,100.110.0.165
1945,1945,100.110.0.166
1969,1969,100.110.0.167
1577,2556,100.110.0.168
1582,2557,100.110.0.169
1235,1235,100.110.0.17
774,2558,100.110.0.170
774,2559,100.110.0.171
774,2560,100.110.0.172
774,2561,100.110.0.173
545,2562,100.110.0.174
545,2563,100.110.0.175
545,2564,100.110.0.176
545,2565,100.110.0.177
545,2566,100.110.0.178
545,2567,100.110.0.179
1237,1237,100.110.0.18
545,2568,100.110.0.180
545,2569,100.110.0.181
545,2570,100.110.0.182
545,2571,100.110.0.183
545,2572,100.110.0.184
545,2573,100.110.0.185
545,2574,100.110.0.186
545,2575,100.110.0.187
545,2576,100.110.0.188
1541,2577,100.110.0.189
1238,1238,100.110.0.19
1541,2578,100.110.0.190
1541,2579,100.110.0.191
1541,2580,100.110.0.192
1541,2581,100.110.0.193
1541,2582,100.110.0.194
1541,2583,100.110.0.195
1541,2584,100.110.0.196
1541,2585,100.110.0.197
1541,2586,100.110.0.198
1541,2587,100.110.0.199
718,2525,100.110.0.2
1311,1311,100.110.0.20
776,776,100.110.0.200
777,777,100.110.0.201
1541,2588,100.110.0.202
778,778,100.110.0.203
779,779,100.110.0.204
780,780,100.110.0.205
787,787,100.110.0.206
788,788,100.110.0.207
789,789,100.110.0.208
790,790,100.110.0.209
1313,1313,100.110.0.21
1541,2589,100.110.0.210
802,802,100.110.0.211
887,887,100.110.0.212
1010,1010,100.110.0.213
1017,1017,100.110.0.214
1083,1083,100.110.0.215
1115,1115,100.110.0.216
1118,1118,100.110.0.217
1120,1120,100.110.0.218
1121,1121,100.110.0.219
1314,1314,100.110.0.22
1123,1123,100.110.0.220
1124,1124,100.110.0.221
1125,1125,100.110.0.222
1127,1127,100.110.0.223
1137,1137,100.110.0.224
1140,1140,100.110.0.225
1211,1211,100.110.0.226
1271,1271,100.110.0.227
1274,1274,100.110.0.228
1280,1280,100.110.0.229
1315,1315,100.110.0.23
1387,1387,100.110.0.230
1394,1394,100.110.0.231
1395,1395,100.110.0.232
1398,1398,100.110.0.233
1400,1400,100.110.0.234
1421,1421,100.110.0.235
1568,1568,100.110.0.236
1569,1569,100.110.0.237
1570,1570,100.110.0.238
1571,1571,100.110.0.239
1316,1316,100.110.0.24
1573,1573,100.110.0.240
1576,1576,100.110.0.241
1541,2590,100.110.0.242
1577,1577,100.110.0.243
1578,1578,100.110.0.244
1580,1580,100.110.0.245
1581,1581,100.110.0.246
1541,2591,100.110.0.247
1582,1582,100.110.0.248
1583,1583,100.110.0.249
1317,1317,100.110.0.25
1584,1584,100.110.0.250
1587,1587,100.110.0.251
1588,1588,100.110.0.252
1589,1589,100.110.0.253
1590,1590,100.110.0.254
1593,1593,100.110.0.255
1319,1319,100.110.0.26
1320,1320,100.110.0.27
1321,1321,100.110.0.28
1322,1322,100.110.0.29
718,718,100.110.0.3
1325,1325,100.110.0.30
1330,2526,100.110.0.31
1330,1330,100.110.0.32
1465,1465,100.110.0.33
1479,1479,100.110.0.34
1838,1838,100.110.0.35
1840,1840,100.110.0.36
1842,1842,100.110.0.37
1847,1847,100.110.0.38
1849,1849,100.110.0.39
721,721,100.110.0.4
1940,1940,100.110.0.40
2523,2523,100.110.0.41
666,2527,100.110.0.42
666,2528,100.110.0.43
666,2529,100.110.0.44
666,2530,100.110.0.45
666,2531,100.110.0.46
1298,2532,100.110.0.47
1298,2533,100.110.0.48
765,2534,100.110.0.49
722,722,100.110.0.5
673,2536,100.110.0.50
673,2537,100.110.0.51
756,2538,100.110.0.52
756,2539,100.110.0.53
673,2540,100.110.0.54
666,2541,100.110.0.55
761,2542,100.110.0.56
761,2543,100.110.0.57
1457,2544,100.110.0.58
1457,2545,100.110.0.59
724,724,100.110.0.6
666,2546,100.110.0.60
666,2547,100.110.0.61
2525,2548,100.110.0.62
475,475,100.110.0.63
478,478,100.110.0.64
514,514,100.110.0.65
682,2549,100.110.0.66
662,662,100.110.0.67
663,663,100.110.0.68
664,664,100.110.0.69
725,725,100.110.0.7
665,665,100.110.0.70
667,2550,100.110.0.71
667,667,100.110.0.72
668,668,100.110.0.73
669,669,100.110.0.74
670,670,100.110.0.75
671,671,100.110.0.76
672,672,100.110.0.77
677,677,100.110.0.78
678,678,100.110.0.79
727,727,100.110.0.8
679,679,100.110.0.80
680,680,100.110.0.81
684,684,100.110.0.82
685,685,100.110.0.83
757,757,100.110.0.84
758,758,100.110.0.85
760,760,100.110.0.86
762,762,100.110.0.87
763,763,100.110.0.88
764,764,100.110.0.89
796,796,100.110.0.9
766,766,100.110.0.90
767,767,100.110.0.91
768,768,100.110.0.92
822,822,100.110.0.93
823,823,100.110.0.94
855,855,100.110.0.95
856,856,100.110.0.96
857,857,100.110.0.97
858,858,100.110.0.98
859,859,100.110.0.99
